PRAGMA foreign_keys=OFF;
BEGIN TRANSACTION;
CREATE TABLE users (
	id INTEGER NOT NULL, 
	email VARCHAR(64), 
	license VARCHAR(64), 
	active BOOLEAN, 
	creationtime DATETIME, 
	PRIMARY KEY (id), 
	CHECK (active IN (0, 1))
);
INSERT INTO "users" VALUES(1,'dewandaru@gmail.com','b_81ywyCPw7qFioiWBOdy2LoW3jd676vVl1vmigSNB8=',1,'2014-09-12 07:58:54.309883');
INSERT INTO "users" VALUES(2,'user2@gmail.com','d_a2XDskNoEsZNRULz1e3g==',1,'2014-09-12 07:58:54.312550');
INSERT INTO "users" VALUES(3,'user3@gmail.com','qhtEn_Szvzq40f1L9VfYOw==',0,'2014-09-12 07:58:54.312658');
INSERT INTO "users" VALUES(4,'dewandaru@gmail.com','b_81ywyCPw7qFioiWBOdy7ONUONUdnxeFhMDY0ObDxU=',1,'2014-09-12 08:22:28.231953');
INSERT INTO "users" VALUES(5,'dewandaru@gmail.com','b_81ywyCPw7qFioiWBOdy037IN-x9OymrVGvr4Hm0Pg=',1,'2014-09-12 08:31:10.566132');
INSERT INTO "users" VALUES(6,'dewandaru@gmail.com','b_81ywyCPw7qFioiWBOdy73Qco-bnXsKzGTh2XD51EQ=',1,'2014-09-12 08:33:47.848973');
INSERT INTO "users" VALUES(7,'dewandaru@gmail.com','b_81ywyCPw7qFioiWBOdy2z7Dg7tHytipN_McjoK_n8=',1,'2014-09-12 08:34:08.883241');
INSERT INTO "users" VALUES(8,'dewandaru@gmail.com','b_81ywyCPw7qFioiWBOdy4HjJqEZlxeDgGehuXMesho=',1,'2014-09-12 08:37:39.590660');
INSERT INTO "users" VALUES(9,'dewandaru@gmail.com','b_81ywyCPw7qFioiWBOdy9eFLixVGDJ8UIgQxU9_m2Y=',1,'2014-09-12 21:01:01.013637');
INSERT INTO "users" VALUES(10,'kuntzman@gmail.com','TjYgeNKBlO48dM0b50cGgLtYUbhJ3xLjL6vq97NJPufsgrFRuK4e6FsG3dksEmPw',1,'2014-09-14 02:06:52.236639');
INSERT INTO "users" VALUES(11,'adewandaru@gmail.com','WmCqMFfb0jmnw1xcsb0msyPRzZUp6P5LulxWzujgsW8=',1,'2014-09-14 02:11:44.108221');
INSERT INTO "users" VALUES(12,'kuntzman@gmail.com','TjYgeNKBlO48dM0b50cGgPnXeF8kNn-ssXaDo9P4RGn87DrgMLrxuba_6DaB39mQ',1,'2014-09-14 02:12:37.461230');
INSERT INTO "users" VALUES(13,'adewandaru@gmail.com','WmCqMFfb0jmnw1xcsb0ms0rDHvHtISME8HcfZG-HcAMOTHTDg_kiiHLeGvv_UDBW',1,'2014-09-14 02:25:28.792758');
INSERT INTO "users" VALUES(14,'adewandaru@gmail.com','WmCqMFfb0jmnw1xcsb0ms-SZYRf-95dUeOOE1V1eO5k=',1,'2014-09-14 18:15:38.819249');
INSERT INTO "users" VALUES(15,'','ejtTQP-ZSa2Ddm8v6CIjlg==',1,'2014-09-15 03:32:14.219630');
INSERT INTO "users" VALUES(16,'anilsubarda@gmail.com','CuYghTL2rx_SnQgxthPPYviVkxB-9veSE_F0dilyH8MO_e1D-rhMCc7UOWayZHAD',1,'2014-09-15 06:33:58.809846');
CREATE TABLE ipn (
	id INTEGER NOT NULL, 
	payer_email VARCHAR(64), 
	txn_id VARCHAR(20), 
	creationtime DATETIME, 
	PRIMARY KEY (id)
);
INSERT INTO "ipn" VALUES(1,'dewandaru@gmail.com','txn1','2014-09-12 07:58:54.313026');
INSERT INTO "ipn" VALUES(2,'betastamp_paypal@gmail.com','7UD573438S086121F','2014-09-12 08:22:28.203646');
INSERT INTO "ipn" VALUES(3,'betastamp_paypal@gmail.com','7AH68620UG0620908','2014-09-12 08:31:10.520261');
INSERT INTO "ipn" VALUES(4,'betastamp_paypal@gmail.com','2LD312718E3687117','2014-09-12 08:33:47.820991');
INSERT INTO "ipn" VALUES(5,'betastamp_paypal@gmail.com','22M92463VD8739846','2014-09-12 08:34:08.855430');
INSERT INTO "ipn" VALUES(6,'betastamp_paypal@gmail.com','0SN57163XU067423Y','2014-09-12 08:37:39.563325');
INSERT INTO "ipn" VALUES(7,'betastamp_paypal@gmail.com','1BN873196T353340C','2014-09-12 21:01:00.969426');
INSERT INTO "ipn" VALUES(8,'betastamp_paypal@gmail.com','1KJ348942D3891912','2014-09-14 02:11:44.073594');
INSERT INTO "ipn" VALUES(9,'betastamp_paypal@gmail.com','5DN62946NE0212249','2014-09-14 02:12:37.455387');
INSERT INTO "ipn" VALUES(10,'betastamp_paypal@gmail.com','84W59821461619526','2014-09-14 02:25:28.782021');
INSERT INTO "ipn" VALUES(11,'betastamp_paypal@gmail.com','2CR63114VP6807149','2014-09-14 18:15:38.802537');
INSERT INTO "ipn" VALUES(12,'betastamp_paypal@gmail.com','5WE20528TW226004G','2014-09-15 03:32:14.205013');
INSERT INTO "ipn" VALUES(13,'betastamp_paypal@gmail.com','9A299808D17187623','2014-09-15 06:33:58.799613');
CREATE TABLE access (
	id INTEGER NOT NULL, 
	ip VARCHAR(64), 
	time DATETIME, 
	user_id INTEGER, 
	PRIMARY KEY (id), 
	FOREIGN KEY(user_id) REFERENCES users (id)
);
INSERT INTO "access" VALUES(1,'0.0.0.0','2014-09-12 07:58:54.312745',1);
INSERT INTO "access" VALUES(2,'0.0.0.1','2014-09-12 07:58:54.312876',1);
INSERT INTO "access" VALUES(3,'0.0.0.2','2014-09-12 07:58:54.312956',2);
INSERT INTO "access" VALUES(4,'118.137.191.173','2014-09-12 21:57:16.198695',9);
INSERT INTO "access" VALUES(5,'118.137.191.173','2014-09-13 01:27:36.220248',9);
INSERT INTO "access" VALUES(6,'36.72.81.226','2014-09-14 02:21:35.981431',11);
INSERT INTO "access" VALUES(7,'36.80.22.134','2014-09-14 05:16:54.755951',11);
INSERT INTO "access" VALUES(8,'118.136.36.14','2014-09-15 06:42:27.916820',16);
INSERT INTO "access" VALUES(9,'118.136.36.14','2014-09-15 06:42:29.022260',16);
INSERT INTO "access" VALUES(10,'118.136.36.14','2014-09-15 06:42:29.889657',16);
INSERT INTO "access" VALUES(11,'118.136.36.14','2014-09-15 06:42:31.070151',16);
INSERT INTO "access" VALUES(12,'118.136.36.14','2014-09-15 06:42:32.235298',16);
INSERT INTO "access" VALUES(13,'118.136.36.14','2014-09-15 06:42:33.563003',16);
INSERT INTO "access" VALUES(14,'118.136.36.14','2014-09-15 06:42:34.484635',16);
INSERT INTO "access" VALUES(15,'118.136.36.14','2014-09-15 06:42:35.741860',16);
INSERT INTO "access" VALUES(16,'118.136.36.14','2014-09-15 06:42:36.644702',16);
INSERT INTO "access" VALUES(17,'118.136.36.14','2014-09-15 06:42:37.798659',16);
INSERT INTO "access" VALUES(18,'118.136.36.14','2014-09-15 06:42:39.243558',16);
INSERT INTO "access" VALUES(19,'118.136.36.14','2014-09-15 06:42:40.133681',16);
INSERT INTO "access" VALUES(20,'118.136.36.14','2014-09-15 06:42:41.026906',16);
INSERT INTO "access" VALUES(21,'118.136.36.14','2014-09-15 06:42:42.241597',16);
INSERT INTO "access" VALUES(22,'118.136.36.14','2014-09-15 06:42:43.776666',16);
INSERT INTO "access" VALUES(23,'118.136.36.14','2014-09-15 06:42:44.823555',16);
INSERT INTO "access" VALUES(24,'118.136.36.14','2014-09-15 06:42:45.827266',16);
INSERT INTO "access" VALUES(25,'118.136.36.14','2014-09-15 06:42:47.017526',16);
INSERT INTO "access" VALUES(26,'118.136.36.14','2014-09-15 06:42:47.949036',16);
INSERT INTO "access" VALUES(27,'118.136.36.14','2014-09-15 06:42:49.191594',16);
INSERT INTO "access" VALUES(28,'118.136.36.14','2014-09-15 06:42:50.064379',16);
INSERT INTO "access" VALUES(29,'118.136.36.14','2014-09-15 06:42:51.251922',16);
INSERT INTO "access" VALUES(30,'118.136.36.14','2014-09-15 06:42:52.523046',16);
INSERT INTO "access" VALUES(31,'118.136.36.14','2014-09-15 06:42:53.601957',16);
INSERT INTO "access" VALUES(32,'118.136.36.14','2014-09-15 06:42:55.678299',16);
INSERT INTO "access" VALUES(33,'118.136.36.14','2014-09-15 06:42:57.001747',16);
INSERT INTO "access" VALUES(34,'118.136.36.14','2014-09-15 06:42:58.243588',16);
INSERT INTO "access" VALUES(35,'118.136.36.14','2014-09-15 06:42:59.939138',16);
INSERT INTO "access" VALUES(36,'118.136.36.14','2014-09-15 06:43:01.110090',16);
INSERT INTO "access" VALUES(37,'118.136.36.14','2014-09-15 06:43:02.163521',16);
INSERT INTO "access" VALUES(38,'118.136.36.14','2014-09-15 06:43:03.421508',16);
INSERT INTO "access" VALUES(39,'118.136.36.14','2014-09-15 06:43:05.269115',16);
INSERT INTO "access" VALUES(40,'118.136.36.14','2014-09-15 06:43:06.268174',16);
INSERT INTO "access" VALUES(41,'118.136.36.14','2014-09-15 06:43:06.721730',16);
INSERT INTO "access" VALUES(42,'118.136.36.14','2014-09-15 06:43:07.400104',16);
INSERT INTO "access" VALUES(43,'118.136.36.14','2014-09-15 06:43:07.831844',16);
INSERT INTO "access" VALUES(44,'118.136.36.14','2014-09-15 06:43:09.009043',16);
INSERT INTO "access" VALUES(45,'118.136.36.14','2014-09-15 06:43:09.219372',16);
INSERT INTO "access" VALUES(46,'118.136.36.14','2014-09-15 06:43:10.294332',16);
INSERT INTO "access" VALUES(47,'118.136.36.14','2014-09-15 06:43:11.384821',16);
INSERT INTO "access" VALUES(48,'118.136.36.14','2014-09-15 06:43:13.175070',16);
INSERT INTO "access" VALUES(49,'118.136.36.14','2014-09-15 06:43:14.589324',16);
INSERT INTO "access" VALUES(50,'118.136.36.14','2014-09-15 06:43:15.662265',16);
INSERT INTO "access" VALUES(51,'118.136.36.14','2014-09-15 06:43:16.996482',16);
INSERT INTO "access" VALUES(52,'118.136.36.14','2014-09-15 06:43:18.428372',16);
INSERT INTO "access" VALUES(53,'118.136.36.14','2014-09-15 06:43:19.526093',16);
INSERT INTO "access" VALUES(54,'118.136.36.14','2014-09-15 06:43:20.626146',16);
INSERT INTO "access" VALUES(55,'118.136.36.14','2014-09-15 06:43:23.109432',16);
INSERT INTO "access" VALUES(56,'118.136.36.14','2014-09-15 06:43:24.214178',16);
INSERT INTO "access" VALUES(57,'118.136.36.14','2014-09-15 06:43:25.453162',16);
INSERT INTO "access" VALUES(58,'118.136.36.14','2014-09-15 06:43:27.252188',16);
INSERT INTO "access" VALUES(59,'118.136.36.14','2014-09-15 06:43:28.421254',16);
INSERT INTO "access" VALUES(60,'118.136.36.14','2014-09-15 06:43:29.477772',16);
INSERT INTO "access" VALUES(61,'118.136.36.14','2014-09-15 06:43:31.464904',16);
INSERT INTO "access" VALUES(62,'118.136.36.14','2014-09-15 06:43:32.590606',16);
INSERT INTO "access" VALUES(63,'118.136.36.14','2014-09-15 06:43:33.772481',16);
INSERT INTO "access" VALUES(64,'118.136.36.14','2014-09-15 06:43:35.089845',16);
INSERT INTO "access" VALUES(65,'118.136.36.14','2014-09-15 06:43:36.337516',16);
INSERT INTO "access" VALUES(66,'118.136.36.14','2014-09-15 06:43:37.518955',16);
INSERT INTO "access" VALUES(67,'118.136.36.14','2014-09-15 06:43:38.641296',16);
INSERT INTO "access" VALUES(68,'118.136.36.14','2014-09-15 06:43:40.386286',16);
INSERT INTO "access" VALUES(69,'118.136.36.14','2014-09-15 06:43:41.609762',16);
INSERT INTO "access" VALUES(70,'118.136.36.14','2014-09-15 06:43:43.324216',16);
INSERT INTO "access" VALUES(71,'118.136.36.14','2014-09-15 06:43:44.603734',16);
INSERT INTO "access" VALUES(72,'118.136.36.14','2014-09-15 06:43:45.710757',16);
INSERT INTO "access" VALUES(73,'118.136.36.14','2014-09-15 06:43:47.365177',16);
INSERT INTO "access" VALUES(74,'118.136.36.14','2014-09-15 06:43:48.622622',16);
INSERT INTO "access" VALUES(75,'118.136.36.14','2014-09-15 06:43:50.093540',16);
INSERT INTO "access" VALUES(76,'118.136.36.14','2014-09-15 06:43:50.441866',16);
INSERT INTO "access" VALUES(77,'118.136.36.14','2014-09-15 06:43:51.310898',16);
INSERT INTO "access" VALUES(78,'118.136.36.14','2014-09-15 06:43:51.913678',16);
INSERT INTO "access" VALUES(79,'118.136.36.14','2014-09-15 06:43:53.116428',16);
INSERT INTO "access" VALUES(80,'118.136.36.14','2014-09-15 06:43:53.698493',16);
INSERT INTO "access" VALUES(81,'118.136.36.14','2014-09-15 06:43:54.471673',16);
INSERT INTO "access" VALUES(82,'118.136.36.14','2014-09-15 06:43:54.953206',16);
INSERT INTO "access" VALUES(83,'118.136.36.14','2014-09-15 06:43:56.251026',16);
INSERT INTO "access" VALUES(84,'118.136.36.14','2014-09-15 06:43:56.508615',16);
INSERT INTO "access" VALUES(85,'118.136.36.14','2014-09-15 06:43:57.648700',16);
INSERT INTO "access" VALUES(86,'118.136.36.14','2014-09-15 06:43:58.051029',16);
INSERT INTO "access" VALUES(87,'118.136.36.14','2014-09-15 06:43:59.273665',16);
INSERT INTO "access" VALUES(88,'36.72.110.94','2014-09-17 01:15:51.581426',11);
INSERT INTO "access" VALUES(89,'118.136.36.14','2014-09-18 02:08:43.109928',16);
INSERT INTO "access" VALUES(90,'118.136.36.14','2014-09-18 02:08:48.212224',16);
INSERT INTO "access" VALUES(91,'118.136.36.14','2014-09-18 02:08:50.997631',16);
INSERT INTO "access" VALUES(92,'118.136.36.14','2014-09-18 02:14:59.448770',16);
INSERT INTO "access" VALUES(93,'118.136.36.14','2014-09-18 02:15:00.410394',16);
INSERT INTO "access" VALUES(94,'118.136.36.14','2014-09-18 02:15:01.379587',16);
INSERT INTO "access" VALUES(95,'118.136.36.14','2014-09-18 02:15:03.128616',16);
INSERT INTO "access" VALUES(96,'118.136.36.14','2014-09-18 02:15:03.598625',16);
INSERT INTO "access" VALUES(97,'118.136.36.14','2014-09-18 02:15:04.026169',16);
INSERT INTO "access" VALUES(98,'118.136.36.14','2014-09-18 02:15:04.568107',16);
INSERT INTO "access" VALUES(99,'118.136.36.14','2014-09-18 02:15:05.015215',16);
INSERT INTO "access" VALUES(100,'118.136.36.14','2014-09-18 02:15:05.542627',16);
INSERT INTO "access" VALUES(101,'118.136.36.14','2014-09-18 02:15:06.554030',16);
INSERT INTO "access" VALUES(102,'118.136.36.14','2014-09-18 02:15:07.662237',16);
INSERT INTO "access" VALUES(103,'118.136.36.14','2014-09-18 02:15:09.760108',16);
INSERT INTO "access" VALUES(104,'118.136.36.14','2014-09-18 02:15:09.917657',16);
INSERT INTO "access" VALUES(105,'118.136.36.14','2014-09-18 02:15:10.775064',16);
INSERT INTO "access" VALUES(106,'118.136.36.14','2014-09-18 02:15:10.930197',16);
INSERT INTO "access" VALUES(107,'118.136.36.14','2014-09-18 02:15:16.616958',16);
INSERT INTO "access" VALUES(108,'118.136.36.14','2014-09-18 02:15:21.880151',16);
INSERT INTO "access" VALUES(109,'118.136.36.14','2014-09-18 02:15:23.796988',16);
INSERT INTO "access" VALUES(110,'118.136.36.14','2014-09-18 02:15:26.516699',16);
INSERT INTO "access" VALUES(111,'118.136.36.14','2014-09-18 02:15:26.541017',16);
INSERT INTO "access" VALUES(112,'118.136.36.14','2014-09-18 02:15:29.120956',16);
INSERT INTO "access" VALUES(113,'118.136.36.14','2014-09-18 02:15:30.118910',16);
INSERT INTO "access" VALUES(114,'118.136.36.14','2014-09-18 02:15:32.906182',16);
INSERT INTO "access" VALUES(115,'118.136.36.14','2014-09-18 02:15:42.385611',16);
INSERT INTO "access" VALUES(116,'118.136.36.14','2014-09-18 02:15:43.176107',16);
INSERT INTO "access" VALUES(117,'118.136.36.14','2014-09-18 02:15:46.185243',16);
INSERT INTO "access" VALUES(118,'118.136.36.14','2014-09-18 02:15:48.045589',16);
INSERT INTO "access" VALUES(119,'118.136.36.14','2014-09-18 02:15:53.263658',16);
INSERT INTO "access" VALUES(120,'118.136.36.14','2014-09-18 02:15:58.689660',16);
INSERT INTO "access" VALUES(121,'118.136.36.14','2014-09-18 02:15:58.775987',16);
INSERT INTO "access" VALUES(122,'118.136.36.14','2014-09-18 02:16:20.629034',16);
INSERT INTO "access" VALUES(123,'118.136.36.14','2014-09-18 02:16:24.180737',16);
INSERT INTO "access" VALUES(124,'118.136.36.14','2014-09-18 02:16:26.459566',16);
INSERT INTO "access" VALUES(125,'118.136.36.14','2014-09-18 02:16:26.645955',16);
INSERT INTO "access" VALUES(126,'118.136.36.14','2014-09-18 02:16:27.660494',16);
INSERT INTO "access" VALUES(127,'118.136.36.14','2014-09-18 02:16:28.087526',16);
INSERT INTO "access" VALUES(128,'118.136.36.14','2014-09-18 02:16:28.576174',16);
INSERT INTO "access" VALUES(129,'118.136.36.14','2014-09-18 02:16:29.179538',16);
INSERT INTO "access" VALUES(130,'118.136.36.14','2014-09-18 02:16:29.713433',16);
INSERT INTO "access" VALUES(131,'118.136.36.14','2014-09-18 02:16:30.179375',16);
INSERT INTO "access" VALUES(132,'118.136.36.14','2014-09-18 02:16:32.228458',16);
INSERT INTO "access" VALUES(133,'36.80.8.203','2014-09-18 06:40:03.806731',11);
INSERT INTO "access" VALUES(134,'36.80.8.203','2014-09-18 06:40:04.733948',11);
INSERT INTO "access" VALUES(135,'36.80.8.203','2014-09-18 06:40:05.650347',11);
INSERT INTO "access" VALUES(136,'36.80.8.203','2014-09-18 06:40:06.566486',11);
INSERT INTO "access" VALUES(137,'36.80.8.203','2014-09-18 06:40:07.468643',11);
INSERT INTO "access" VALUES(138,'36.80.8.203','2014-09-18 06:40:08.372043',11);
INSERT INTO "access" VALUES(139,'36.80.8.203','2014-09-18 06:40:09.193987',11);
INSERT INTO "access" VALUES(140,'36.80.8.203','2014-09-18 06:40:10.060643',11);
INSERT INTO "access" VALUES(141,'36.80.8.203','2014-09-18 06:40:20.851477',11);
INSERT INTO "access" VALUES(142,'36.80.8.203','2014-09-18 06:40:22.063170',11);
INSERT INTO "access" VALUES(143,'36.80.8.203','2014-09-18 06:40:22.918970',11);
INSERT INTO "access" VALUES(144,'36.80.8.203','2014-09-18 06:40:23.719498',11);
INSERT INTO "access" VALUES(145,'36.80.8.203','2014-09-18 06:40:24.590496',11);
INSERT INTO "access" VALUES(146,'36.80.8.203','2014-09-18 06:40:25.461329',11);
INSERT INTO "access" VALUES(147,'36.80.8.203','2014-09-18 06:40:26.297288',11);
INSERT INTO "access" VALUES(148,'36.80.8.203','2014-09-18 06:40:56.077123',11);
INSERT INTO "access" VALUES(149,'167.205.22.105','2014-09-18 09:51:59.063558',14);
INSERT INTO "access" VALUES(150,'167.205.22.104','2014-09-18 09:52:00.679571',14);
INSERT INTO "access" VALUES(151,'167.205.22.104','2014-09-18 09:52:01.390408',14);
INSERT INTO "access" VALUES(152,'167.205.22.105','2014-09-18 09:52:02.589316',14);
INSERT INTO "access" VALUES(153,'167.205.22.105','2014-09-18 09:52:04.081295',14);
INSERT INTO "access" VALUES(154,'167.205.22.104','2014-09-18 09:52:04.816894',14);
INSERT INTO "access" VALUES(155,'167.205.22.105','2014-09-18 09:52:04.967402',14);
INSERT INTO "access" VALUES(156,'167.205.22.104','2014-09-18 09:52:05.465629',14);
INSERT INTO "access" VALUES(157,'167.205.22.105','2014-09-18 09:52:07.576497',14);
INSERT INTO "access" VALUES(158,'167.205.22.105','2014-09-18 09:52:24.779519',14);
INSERT INTO "access" VALUES(159,'167.205.22.104','2014-09-18 09:52:25.832064',14);
INSERT INTO "access" VALUES(160,'167.205.22.104','2014-09-18 09:52:26.532828',14);
INSERT INTO "access" VALUES(161,'167.205.22.105','2014-09-18 09:52:29.443643',14);
INSERT INTO "access" VALUES(162,'167.205.22.104','2014-09-18 09:52:30.280336',14);
INSERT INTO "access" VALUES(163,'167.205.22.104','2014-09-18 09:52:31.017814',14);
INSERT INTO "access" VALUES(164,'167.205.22.105','2014-09-18 09:52:33.467376',14);
INSERT INTO "access" VALUES(165,'167.205.22.105','2014-09-18 09:52:35.539409',14);
INSERT INTO "access" VALUES(166,'167.205.22.104','2014-09-18 09:52:36.365044',14);
INSERT INTO "access" VALUES(167,'167.205.22.104','2014-09-18 09:52:37.209651',14);
INSERT INTO "access" VALUES(168,'167.205.22.104','2014-09-18 09:52:38.007439',14);
INSERT INTO "access" VALUES(169,'167.205.22.104','2014-09-18 09:52:38.711019',14);
INSERT INTO "access" VALUES(170,'167.205.22.105','2014-09-18 09:52:41.107643',14);
INSERT INTO "access" VALUES(171,'167.205.22.104','2014-09-18 09:52:41.727940',14);
INSERT INTO "access" VALUES(172,'167.205.22.104','2014-09-18 09:52:42.562804',14);
INSERT INTO "access" VALUES(173,'167.205.22.104','2014-09-18 09:58:00.387419',14);
INSERT INTO "access" VALUES(174,'167.205.22.104','2014-09-18 09:58:15.757143',14);
CREATE TABLE alembic_version (
	version_num VARCHAR(32) NOT NULL
);
CREATE INDEX ix_users_email ON users (email);
CREATE UNIQUE INDEX ix_users_license ON users (license);
CREATE INDEX ix_ipn_payer_email ON ipn (payer_email);
CREATE UNIQUE INDEX ix_ipn_txn_id ON ipn (txn_id);
COMMIT;
